Date,Close/Last,Volume,Open,High,Low
06/16/2026,$227.49,3705879,$229.47,$230.30,$225.30
06/15/2026,$228.95,8596025,$225.30,$231.34,$225.22
06/12/2026,$219.05,5665772,$222.37,$223.505,$216.70
06/11/2026,$221.63,6651482,$209.84,$221.77,$209.8001
06/10/2026,$209.00,7038093,$213.065,$213.70,$207.95
06/09/2026,$214.51,5198844,$216.50,$220.01,$212.23
06/08/2026,$215.92,3711679,$216.30,$217.79,$215.00
06/05/2026,$215.45,4804004,$216.58,$218.37,$213.63
06/04/2026,$217.42,8054968,$213.00,$221.60,$212.80
06/03/2026,$210.58,9105901,$216.10,$216.35,$209.63
06/02/2026,$217.70,7655583,$222.52,$224.69,$215.01
06/01/2026,$224.30,6400905,$228.36,$228.80,$222.21
05/29/2026,$231.15,6941936,$228.44,$232.30,$226.25
05/28/2026,$228.78,6526388,$224.00,$229.91,$222.845
05/27/2026,$224.30,11055750,$221.50,$226.90,$220.6975
05/26/2026,$218.90,5914621,$221.30,$222.41,$217.91
05/22/2026,$219.02,4647101,$220.85,$221.11,$217.165
05/21/2026,$219.61,6412808,$219.39,$221.17,$215.72
05/20/2026,$222.20,7708546,$216.80,$223.02,$216.50
05/19/2026,$215.01,5355349,$218.84,$220.05,$214.00
05/18/2026,$220.61,6568249,$220.48,$221.17,$216.79
05/15/2026,$220.49,9479889,$226.845,$226.85,$220.45
05/14/2026,$229.21,17761090,$243.52,$244.07,$227.50
05/13/2026,$240.60,7438701,$237.23,$242.27,$234.40
05/12/2026,$236.87,7041013,$239.00,$239.02,$231.11
05/11/2026,$238.21,6267001,$239.44,$241.21,$236.52
05/08/2026,$237.36,7525266,$233.80,$238.535,$231.75
05/07/2026,$231.03,8489752,$231.45,$236.63,$229.60
05/06/2026,$229.93,7166917,$230.93,$232.08,$228.10
05/05/2026,$224.38,3852073,$223.10,$225.56,$221.74
05/04/2026,$221.30,4860877,$226.49,$227.87,$221.04
05/01/2026,$227.38,3494200,$230.40,$231.51,$227.26
04/30/2026,$229.03,4841260,$225.90,$229.55,$224.612
04/29/2026,$224.11,6377690,$230.22,$230.255,$221.15
04/28/2026,$230.72,3807811,$231.05,$231.33,$227.07
04/27/2026,$231.33,4402564,$233.00,$235.45,$229.39
04/24/2026,$232.44,5732696,$234.99,$236.45,$232.065
04/23/2026,$234.15,8087561,$231.51,$235.91,$228.77
04/22/2026,$231.28,15779510,$227.05,$232.60,$221.22
04/21/2026,$219.16,7566292,$223.29,$225.66,$218.90
04/20/2026,$225.08,5014519,$222.23,$225.37,$220.3521
04/17/2026,$223.38,8874871,$223.07,$230.24,$222.50
04/16/2026,$218.88,7089589,$225.00,$225.10,$215.40
04/15/2026,$223.93,4397655,$224.18,$224.72,$221.645
04/14/2026,$223.77,4820884,$221.69,$225.10,$221.3201
04/13/2026,$222.14,4136876,$216.25,$222.21,$215.46
04/10/2026,$217.63,4829021,$220.17,$220.37,$216.66
04/09/2026,$220.06,4768685,$216.00,$221.29,$216.00
04/08/2026,$217.80,6267155,$218.935,$220.85,$216.0001
04/07/2026,$210.00,4084754,$211.01,$211.9899,$206.92
04/06/2026,$212.30,4172271,$207.37,$212.40,$207.37
04/02/2026,$208.22,6698574,$203.00,$208.78,$202.30
04/01/2026,$207.32,9664532,$203.50,$210.28,$203.50
03/31/2026,$199.03,9668311,$191.13,$199.33,$190.35
03/30/2026,$189.21,6606118,$191.48,$192.4999,$187.72
03/27/2026,$190.52,6000068,$192.925,$193.639,$189.28
03/26/2026,$194.36,5772621,$197.30,$198.2389,$194.27
03/25/2026,$199.61,5055934,$198.19,$200.745,$198.00
03/24/2026,$196.42,5691834,$196.11,$197.62,$194.3601
03/23/2026,$198.41,6247902,$198.91,$201.6899,$197.19
03/20/2026,$195.12,12925360,$201.05,$201.99,$192.54
03/19/2026,$201.18,9967614,$203.05,$203.05,$197.46
03/18/2026,$205.99,5881862,$209.00,$210.50,$205.75
03/17/2026,$210.82,7308124,$214.68,$217.15,$206.67
03/16/2026,$213.47,7347110,$210.75,$216.15,$210.75
03/13/2026,$209.89,8926573,$205.00,$210.84,$204.9154
03/12/2026,$204.76,10758600,$212.21,$212.6082,$204.30
03/11/2026,$214.10,7937357,$217.94,$217.94,$213.53
03/10/2026,$217.76,9285330,$224.10,$226.11,$217.03
03/09/2026,$225.00,8400123,$226.75,$227.59,$220.4463
03/06/2026,$231.11,10684690,$219.475,$231.96,$218.64
03/05/2026,$222.06,7199285,$226.12,$227.681,$218.13
03/04/2026,$227.31,5068718,$226.38,$227.53,$221.79
03/03/2026,$224.12,6211644,$225.75,$226.50,$221.11
03/02/2026,$229.74,4708971,$226.00,$230.23,$223.62
02/27/2026,$227.53,6278091,$227.47,$228.80,$224.91
02/26/2026,$229.41,4613296,$230.375,$230.655,$225.67
02/25/2026,$230.36,4442585,$234.10,$234.16,$229.185
02/24/2026,$233.39,4408870,$229.27,$236.13,$228.3901
02/23/2026,$230.44,5380030,$231.50,$233.50,$227.455
02/20/2026,$232.03,5460857,$232.63,$236.08,$231.14
02/19/2026,$233.71,5827523,$238.91,$240.00,$233.42
02/18/2026,$238.93,4922987,$244.55,$245.08,$238.60
02/17/2026,$244.04,4864738,$243.61,$245.42,$238.93
02/13/2026,$242.96,6835444,$241.24,$246.51,$240.72
02/12/2026,$239.35,6980769,$239.26,$245.67,$235.9675
02/11/2026,$236.26,5791019,$244.48,$244.70,$235.50
02/10/2026,$242.59,5184355,$245.00,$247.86,$240.86
02/09/2026,$244.71,4707198,$242.00,$245.84,$240.50
02/06/2026,$243.03,6701183,$239.40,$246.30,$239.40
02/05/2026,$236.95,7377317,$234.11,$240.3292,$232.60
02/04/2026,$235.95,7053394,$233.24,$236.57,$229.91
02/03/2026,$233.15,7655243,$236.42,$238.85,$228.96
02/02/2026,$233.02,6105284,$232.64,$236.29,$230.33
01/30/2026,$233.72,6916107,$233.50,$234.65,$229.94
01/29/2026,$234.04,9142526,$242.075,$243.7699,$233.35
01/28/2026,$241.59,9999181,$244.09,$245.86,$237.10
01/27/2026,$244.56,20509200,$242.50,$254.3499,$238.75
01/26/2026,$248.43,8469160,$251.49,$251.59,$247.405
01/23/2026,$252.15,7078683,$252.74,$253.77,$249.02
01/22/2026,$251.41,9742580,$252.00,$254.14,$249.78
01/21/2026,$250.07,8160650,$248.89,$251.31,$244.68
01/20/2026,$249.00,11293180,$244.40,$249.52,$243.7004
01/16/2026,$247.68,5944233,$247.75,$248.19,$244.96
01/15/2026,$247.74,6517157,$244.38,$248.7497,$243.9657
01/14/2026,$242.61,7748606,$244.44,$244.885,$239.60
01/13/2026,$244.55,11460520,$241.12,$247.3999,$240.10
01/12/2026,$239.81,7893957,$234.29,$239.95,$234.00
01/09/2026,$234.53,8621614,$228.34,$235.135,$228.30
01/08/2026,$227.38,7126824,$231.79,$233.11,$225.10
01/07/2026,$228.12,9693055,$232.15,$233.57,$227.3111
01/06/2026,$229.84,6714333,$229.225,$231.64,$228.60
01/05/2026,$228.13,8278835,$228.79,$230.9599,$227.50
01/02/2026,$227.77,11261010,$218.15,$227.77,$215.24
12/31/2025,$217.12,5563028,$218.93,$219.315,$216.14
12/30/2025,$218.50,5653521,$219.14,$221.88,$218.40
12/29/2025,$217.25,5291972,$215.90,$218.14,$215.1066
12/26/2025,$216.44,2801514,$218.05,$218.67,$216.14
12/24/2025,$218.16,2943466,$217.00,$219.27,$216.19
12/23/2025,$216.85,4496293,$216.90,$217.56,$215.32
12/22/2025,$216.84,5458894,$215.34,$217.15,$214.22
12/19/2025,$214.08,14793700,$209.76,$215.975,$209.265
12/18/2025,$208.27,5652149,$207.99,$210.55,$207.66
12/17/2025,$206.33,7301074,$206.775,$210.66,$205.82
12/16/2025,$206.71,6120247,$205.00,$208.65,$204.39
12/15/2025,$205.50,6721568,$204.38,$206.63,$203.17
12/12/2025,$204.38,7069695,$202.20,$206.1242,$201.5848
12/11/2025,$200.71,7917771,$198.725,$201.86,$198.05
12/10/2025,$198.72,15159610,$200.37,$201.35,$198.35
12/09/2025,$200.37,9101870,$205.35,$207.10,$200.02
12/08/2025,$206.27,8823854,$203.61,$206.86,$202.56
12/05/2025,$201.89,6857199,$201.40,$202.95,$200.56
12/04/2025,$201.87,9513314,$202.85,$202.89,$198.53
12/03/2025,$202.54,14139920,$204.60,$205.85,$197.40
12/02/2025,$205.38,22624040,$198.30,$205.775,$195.5101
12/01/2025,$186.46,6763665,$188.96,$189.95,$186.41
11/28/2025,$189.00,3757048,$187.87,$189.75,$186.91
11/26/2025,$186.92,7644480,$184.00,$188.18,$183.03
11/25/2025,$182.44,9676194,$179.49,$183.4788,$177.5201
11/24/2025,$179.12,9385960,$180.31,$180.31,$177.3001
11/21/2025,$179.70,10133970,$180.56,$181.43,$176.77
11/20/2025,$179.38,13706380,$187.74,$188.10,$178.42
11/19/2025,$185.70,12550370,$189.21,$189.21,$183.01
11/18/2025,$189.63,8195765,$190.00,$191.155,$187.85
11/17/2025,$191.81,5877792,$194.84,$194.84,$190.2308
11/14/2025,$194.52,6189760,$192.88,$197.0251,$192.15
11/13/2025,$194.58,6739302,$195.63,$196.20,$193.11
11/12/2025,$195.50,8288337,$195.75,$196.66,$193.80
11/11/2025,$195.21,5783435,$194.74,$196.40,$194.35
11/10/2025,$194.81,7447353,$195.89,$196.44,$193.19
11/07/2025,$194.61,7869450,$195.50,$195.8454,$191.49
11/06/2025,$196.50,7740505,$198.10,$201.27,$195.45
11/05/2025,$197.62,9885668,$197.75,$198.5092,$195.31
11/04/2025,$198.05,8619584,$201.80,$202.22,$197.57
11/03/2025,$204.55,8103855,$202.04,$205.66,$201.58
10/31/2025,$201.02,10696570,$201.25,$202.60,$198.30
10/30/2025,$200.08,19417010,$210.01,$210.28,$200.02
10/29/2025,$213.58,20940090,$221.36,$221.895,$212.50
10/28/2025,$223.33,7027188,$224.36,$225.56,$222.60
10/27/2025,$223.00,6084302,$222.78,$223.58,$221.82
10/24/2025,$221.35,5238106,$219.04,$221.74,$218.51
10/23/2025,$217.77,5356227,$216.40,$219.30,$216.25
10/22/2025,$216.59,6310337,$216.68,$217.40,$213.80
10/21/2025,$217.26,4209532,$217.21,$217.70,$215.55
10/20/2025,$216.82,5865087,$215.13,$217.38,$214.56
10/17/2025,$212.94,6482738,$210.91,$214.68,$210.75
10/16/2025,$211.89,5555177,$214.66,$214.96,$210.66
10/15/2025,$214.00,5055634,$215.035,$215.93,$212.48
10/14/2025,$214.30,5975722,$213.54,$217.945,$212.235
10/13/2025,$215.56,5657285,$212.09,$215.80,$212.06
10/10/2025,$210.73,10647880,$217.00,$217.90,$210.73
10/09/2025,$216.00,12974800,$225.70,$225.70,$215.90
10/08/2025,$225.32,6189701,$222.73,$226.19,$221.4703
10/07/2025,$221.82,7610613,$220.11,$223.95,$219.20
10/06/2025,$219.73,7665295,$217.865,$221.80,$215.90
10/03/2025,$216.30,6634085,$216.75,$218.83,$215.25
10/02/2025,$217.43,8281070,$215.45,$218.86,$215.31
10/01/2025,$215.20,7177980,$214.01,$215.63,$213.70
09/30/2025,$215.83,9289288,$217.095,$217.6799,$212.83
09/29/2025,$217.08,11290580,$222.365,$222.81,$215.12
09/26/2025,$221.26,17281720,$223.36,$224.10,$219.11
09/25/2025,$213.53,6649306,$214.87,$216.855,$211.98
09/24/2025,$215.10,7354816,$217.555,$218.1828,$214.77
09/23/2025,$216.34,12760880,$217.12,$219.82,$214.01
09/22/2025,$212.09,7467722,$215.17,$215.90,$211.427
09/19/2025,$215.65,10513700,$217.73,$217.73,$213.6238
09/18/2025,$215.66,6414004,$215.23,$217.40,$213.70
09/17/2025,$214.63,6019533,$215.59,$218.05,$213.13
09/16/2025,$215.02,6330606,$216.86,$217.1299,$213.75
09/15/2025,$215.75,6896201,$216.25,$217.255,$214.07
09/12/2025,$215.94,11094880,$219.89,$220.00,$215.70
09/11/2025,$219.99,12010820,$228.00,$229.6899,$219.65
09/10/2025,$227.52,4949531,$229.60,$230.10,$226.5852
09/09/2025,$229.52,5510373,$231.01,$232.28,$228.45
09/08/2025,$230.95,5954965,$231.70,$232.20,$228.09
09/05/2025,$229.61,8203594,$231.80,$232.2299,$225.50
09/04/2025,$230.75,4093163,$233.01,$233.095,$229.21
09/03/2025,$232.38,5998971,$237.06,$237.06,$230.7601
09/02/2025,$237.38,6339117,$231.28,$238.33,$230.80
08/29/2025,$234.68,5008622,$236.13,$238.05,$233.17
08/28/2025,$236.16,4039590,$235.85,$237.35,$234.495
08/27/2025,$235.62,4757422,$235.36,$236.34,$232.40
08/26/2025,$234.83,7380162,$228.00,$234.83,$227.98
08/25/2025,$226.87,4757569,$229.60,$230.25,$226.60
08/22/2025,$230.12,8678400,$225.41,$233.70,$225.24
08/21/2025,$224.46,6101140,$227.13,$227.58,$223.71
08/20/2025,$225.62,5015978,$224.49,$226.3712,$223.6001
08/19/2025,$225.00,9061071,$232.00,$232.4316,$223.75
08/18/2025,$232.41,8456028,$234.47,$235.157,$229.11
08/15/2025,$235.26,6291381,$233.36,$236.45,$231.4277
08/14/2025,$233.19,5320751,$231.65,$233.97,$230.86
08/13/2025,$233.37,6670421,$233.25,$235.5999,$229.33
08/12/2025,$232.61,7402161,$226.95,$232.61,$226.46
08/11/2025,$225.96,4872738,$229.00,$229.32,$225.17
08/08/2025,$229.12,4724210,$227.50,$230.90,$227.38
08/07/2025,$227.33,4563135,$226.15,$230.39,$224.5801
08/06/2025,$225.04,3898823,$225.70,$226.57,$224.0448
08/05/2025,$224.86,5687360,$222.37,$226.03,$221.065
08/04/2025,$222.34,5997263,$220.15,$222.845,$218.03
08/01/2025,$221.90,8572191,$219.45,$222.46,$215.90
07/31/2025,$221.84,7824977,$224.02,$225.00,$221.15
07/30/2025,$225.84,9354568,$227.84,$231.72,$224.35
07/29/2025,$226.08,20163650,$239.50,$242.6899,$225.26
07/28/2025,$236.41,7923759,$233.24,$236.63,$232.91
07/25/2025,$233.06,4628468,$232.02,$233.31,$228.84
07/24/2025,$231.27,6160163,$233.91,$235.23,$231.05
07/23/2025,$233.88,7302875,$230.32,$235.27,$229.31
07/22/2025,$228.48,4737715,$228.30,$230.3084,$225.55
07/21/2025,$229.32,4183298,$229.40,$232.50,$228.02
07/18/2025,$229.34,5974525,$231.43,$232.25,$227.52
07/17/2025,$231.00,7892608,$230.11,$232.59,$227.75
07/16/2025,$229.90,7474340,$232.13,$233.565,$227.3016
07/15/2025,$230.00,9156844,$230.12,$233.61,$228.42
07/14/2025,$230.51,8750165,$231.40,$233.041,$227.27
07/11/2025,$226.84,6631953,$225.425,$228.735,$225.425
07/10/2025,$226.09,6116601,$226.65,$228.4999,$223.925
07/09/2025,$226.60,16462270,$220.115,$230.1999,$220.01
07/08/2025,$218.52,6769583,$219.00,$220.00,$214.72
07/07/2025,$218.63,5807426,$215.60,$218.63,$214.50
07/03/2025,$215.92,4476122,$211.785,$217.675,$211.67
07/02/2025,$212.03,5870909,$210.40,$214.40,$208.25
07/01/2025,$209.79,5978892,$209.50,$211.8646,$206.7696
06/30/2025,$209.53,9087110,$213.88,$214.71,$208.02
06/27/2025,$214.55,14805410,$205.11,$214.81,$204.38
06/26/2025,$202.58,6931728,$200.41,$204.3873,$199.7587
06/25/2025,$198.90,4690927,$201.00,$201.125,$198.30
06/24/2025,$200.94,5900901,$203.00,$203.51,$200.18
06/23/2025,$201.31,5875194,$197.825,$202.20,$197.47
06/20/2025,$198.75,8934730,$198.66,$200.675,$197.45
06/18/2025,$197.68,7928295,$199.00,$201.06,$196.80
06/17/2025,$200.26,10844630,$201.31,$205.3099,$198.87
06/16/2025,$201.70,6902665,$200.57,$204.00,$199.08
06/13/2025,$200.32,16093450,$200.675,$202.23,$195.28
06/12/2025,$203.75,30586620,$202.17,$206.34,$201.28
06/11/2025,$214.00,5398772,$215.50,$216.205,$212.2101
06/10/2025,$215.73,8190124,$217.58,$217.9005,$213.2514
06/09/2025,$217.51,9419229,$211.23,$218.80,$211.09
06/06/2025,$210.80,6079682,$210.24,$211.11,$208.04
06/05/2025,$209.02,4764376,$212.50,$212.99,$208.22
06/04/2025,$211.98,5705277,$214.77,$214.99,$211.03
06/03/2025,$213.43,8106080,$212.00,$215.80,$211.77
06/02/2025,$211.47,7561816,$210.98,$212.3409,$207.90
05/30/2025,$207.32,7485089,$206.77,$207.70,$204.35
05/29/2025,$208.18,16345990,$201.775,$212.28,$201.50
05/28/2025,$201.50,5481504,$201.95,$202.45,$200.215
05/27/2025,$201.03,5857940,$204.28,$205.00,$200.88
05/23/2025,$202.36,5255185,$199.95,$203.20,$198.75
05/22/2025,$203.41,3634495,$202.53,$204.73,$201.85
05/21/2025,$203.21,6616295,$206.60,$207.1196,$202.43
05/20/2025,$207.67,5875970,$205.00,$208.62,$205.00
05/19/2025,$205.25,5740193,$203.00,$205.60,$202.30
05/16/2025,$205.82,8496835,$205.69,$206.24,$203.02
05/15/2025,$206.24,9583873,$207.35,$208.60,$205.42
05/14/2025,$204.72,16872270,$205.80,$209.66,$204.05
05/13/2025,$203.42,13509490,$200.295,$205.73,$199.67
05/12/2025,$198.53,9340695,$198.16,$198.78,$193.06
05/09/2025,$194.85,7669875,$193.55,$195.30,$192.18
05/08/2025,$191.70,15344060,$186.76,$194.75,$186.22
05/07/2025,$185.56,6098643,$185.00,$186.72,$183.50
05/06/2025,$185.96,4947965,$184.71,$186.20,$183.63
05/05/2025,$186.46,5413742,$184.39,$187.58,$184.39
05/02/2025,$185.46,8695904,$185.00,$187.58,$184.08
05/01/2025,$182.89,7322871,$182.85,$184.75,$182.03
04/30/2025,$183.24,6266805,$178.47,$183.79,$177.63
04/29/2025,$182.00,6795042,$182.52,$184.25,$181.20
04/28/2025,$182.30,9302600,$182.75,$184.53,$180.75
04/25/2025,$177.95,7644173,$176.50,$180.325,$175.86
04/24/2025,$176.26,10984170,$171.20,$177.40,$169.00
04/23/2025,$172.37,16264680,$174.00,$176.58,$169.91
04/22/2025,$162.52,9147290,$162.50,$163.09,$158.50
04/21/2025,$159.34,5703810,$160.00,$160.00,$156.47
04/17/2025,$161.90,9227259,$157.13,$163.90,$157.00
04/16/2025,$156.47,6809550,$154.365,$157.6589,$153.545
04/15/2025,$155.52,11541120,$155.275,$159.1201,$155.275
04/14/2025,$159.28,7288736,$159.82,$162.55,$157.6001
04/11/2025,$156.84,8810699,$154.62,$157.59,$152.00
04/10/2025,$155.52,10374980,$154.98,$157.345,$149.41
04/09/2025,$160.82,16775250,$138.845,$162.43,$137.9431
04/08/2025,$139.39,14527900,$146.85,$147.77,$137.40
04/07/2025,$138.86,18825030,$132.05,$143.9722,$128.8801
04/04/2025,$136.59,22281990,$143.30,$146.00,$132.79
04/03/2025,$150.91,15877380,$160.00,$160.21,$150.41
04/02/2025,$168.56,5826557,$166.40,$170.38,$165.55
04/01/2025,$168.17,8252833,$170.00,$170.975,$164.2191
03/31/2025,$170.55,7477456,$170.65,$172.2099,$166.792
03/28/2025,$173.31,8211108,$177.75,$178.50,$172.45
03/27/2025,$179.11,4788639,$178.53,$182.22,$178.0334
03/26/2025,$178.55,6633607,$182.525,$183.2278,$177.28
03/25/2025,$182.59,7174436,$182.16,$183.85,$180.36
03/24/2025,$180.90,9986066,$182.03,$184.40,$180.4411
03/21/2025,$178.11,26802360,$172.06,$183.46,$170.77
03/20/2025,$172.83,4934361,$171.14,$173.10,$170.31
03/19/2025,$172.62,14114840,$165.32,$174.20,$165.00
03/18/2025,$161.57,4195165,$161.44,$162.23,$158.79
03/17/2025,$161.85,5602688,$160.50,$162.77,$159.6235
03/14/2025,$161.81,5215140,$160.915,$162.32,$159.2001
03/13/2025,$159.32,5701556,$159.22,$161.74,$157.25
03/12/2025,$158.80,8706890,$157.00,$159.54,$153.6113
03/11/2025,$154.06,10030550,$148.00,$155.01,$145.45
03/10/2025,$148.15,10203960,$150.03,$150.39,$146.30
03/07/2025,$154.18,12526700,$157.19,$158.36,$149.05
03/06/2025,$158.43,6892570,$161.42,$162.69,$157.94
03/05/2025,$163.16,7355750,$159.96,$164.33,$158.81
03/04/2025,$158.90,15870220,$167.37,$168.38,$156.69
03/03/2025,$170.06,6045578,$177.02,$178.40,$169.46
02/28/2025,$174.63,5803347,$174.36,$176.30,$173.4811
02/27/2025,$173.83,4695248,$174.52,$177.15,$173.59
02/26/2025,$173.04,7111736,$179.49,$179.49,$171.83
02/25/2025,$178.27,5613880,$180.45,$181.88,$176.34
02/24/2025,$179.91,8392903,$177.475,$183.04,$176.55
02/21/2025,$177.15,8980339,$181.28,$182.20,$174.71
02/20/2025,$180.88,7863048,$185.58,$185.80,$180.11
02/19/2025,$186.15,7264764,$185.31,$187.2299,$181.83
02/18/2025,$184.97,6929627,$185.68,$188.66,$184.22
02/14/2025,$184.42,5044712,$186.75,$186.82,$183.575
02/13/2025,$185.44,6846329,$187.00,$188.24,$185.09
02/12/2025,$186.25,7686842,$178.34,$186.27,$178.25
02/11/2025,$180.44,4366651,$179.78,$182.14,$177.60
02/10/2025,$180.55,3989106,$183.12,$183.55,$179.90
02/07/2025,$181.49,5392310,$185.26,$186.1087,$180.93
02/06/2025,$184.80,6919404,$182.00,$185.85,$182.00
02/05/2025,$181.84,7430431,$176.00,$181.86,$175.505
02/04/2025,$176.23,4503584,$176.90,$177.45,$174.25
02/03/2025,$175.87,6501722,$174.11,$178.20,$173.1277
01/31/2025,$176.52,6116155,$180.51,$181.78,$175.74
01/30/2025,$179.53,6996317,$174.59,$179.94,$173.7218
01/29/2025,$173.66,12263460,$179.125,$182.55,$170.65
01/28/2025,$177.78,22768850,$181.31,$188.48,$174.02
01/27/2025,$175.16,7148613,$175.55,$178.18,$174.40
01/24/2025,$176.06,9304227,$176.00,$180.43,$174.365
01/23/2025,$178.50,7097348,$174.01,$178.6699,$173.75
01/22/2025,$174.80,5134446,$175.29,$176.23,$173.88
01/21/2025,$175.56,8755311,$172.38,$177.09,$171.9321
01/17/2025,$171.09,9557133,$169.795,$171.77,$169.45
01/16/2025,$168.93,5812341,$166.79,$170.6399,$166.57
01/15/2025,$166.20,6451034,$169.01,$169.99,$165.9701
01/14/2025,$167.02,7966857,$171.37,$171.88,$164.62
01/13/2025,$170.57,6049552,$171.18,$172.50,$167.91
01/10/2025,$172.00,7556765,$171.49,$173.535,$167.41
01/08/2025,$171.76,5108711,$171.15,$173.78,$169.61
01/07/2025,$172.51,7045017,$171.165,$175.02,$170.80
01/06/2025,$170.78,11133430,$173.50,$173.9442,$170.19
01/03/2025,$169.90,10513770,$171.40,$173.98,$169.80
01/02/2025,$171.87,12449950,$178.31,$179.19,$169.82
12/31/2024,$177.00,9748554,$177.54,$179.3499,$175.82
12/30/2024,$176.55,18082310,$173.72,$178.17,$170.15
12/27/2024,$180.72,6806925,$180.01,$181.43,$179.40
12/26/2024,$180.38,5917678,$178.98,$182.57,$178.33
12/24/2024,$179.34,4316969,$177.69,$180.95,$177.50
12/23/2024,$177.69,8486421,$178.12,$179.65,$174.2901
12/20/2024,$177.35,23233670,$176.86,$182.00,$175.31
12/19/2024,$177.04,14777070,$175.00,$179.5788,$173.72
12/18/2024,$172.62,15437180,$173.28,$177.94,$171.002
12/17/2024,$173.03,13557080,$173.04,$175.7866,$171.71
12/16/2024,$173.17,13050710,$168.09,$175.20,$166.10
12/13/2024,$169.65,9754901,$168.00,$170.43,$166.33
12/12/2024,$167.75,10617740,$168.23,$168.82,$165.6501
12/11/2024,$165.96,13116630,$165.52,$169.30,$164.381
12/10/2024,$164.10,17149190,$160.00,$166.68,$159.42
12/09/2024,$157.04,13540020,$154.27,$161.95,$154.27
12/06/2024,$153.93,8182668,$157.03,$158.9533,$153.37
12/05/2024,$156.67,7119832,$158.50,$160.02,$156.0475
12/04/2024,$158.28,9269316,$155.88,$160.20,$154.21
12/03/2024,$155.00,6130313,$156.00,$156.6486,$154.42
12/02/2024,$156.54,10097910,$155.91,$160.35,$155.70
11/29/2024,$155.44,7100090,$153.00,$157.5025,$152.85
11/27/2024,$152.40,5210147,$151.11,$152.91,$150.25
11/26/2024,$150.76,8234985,$152.50,$153.1398,$149.80
11/25/2024,$153.10,11479410,$150.70,$153.28,$150.26
11/22/2024,$149.29,13353080,$143.61,$150.339,$143.49
11/21/2024,$143.41,7845135,$146.39,$146.42,$141.34
11/20/2024,$146.08,9232114,$146.04,$147.30,$145.0201
11/19/2024,$145.60,8247289,$143.00,$145.99,$142.6901
11/18/2024,$143.87,12259930,$140.255,$144.69,$138.20
11/15/2024,$140.19,12120100,$138.14,$140.3247,$137.03
11/14/2024,$138.14,15646710,$140.80,$141.55,$137.22
11/13/2024,$139.97,21249600,$145.58,$145.58,$139.10
11/12/2024,$145.17,16746650,$148.40,$148.50,$143.85
11/11/2024,$148.96,12799080,$152.00,$152.50,$148.07
11/08/2024,$151.68,12996810,$151.12,$152.60,$149.43
11/07/2024,$150.98,14709240,$148.80,$152.80,$148.03
11/06/2024,$147.16,28069290,$152.30,$153.20,$144.13
11/05/2024,$151.00,23126640,$157.47,$157.66,$150.65
11/04/2024,$155.07,10290390,$154.62,$156.72,$152.46
11/01/2024,$154.59,18894510,$152.78,$156.00,$151.23
10/31/2024,$149.31,29388200,$154.31,$154.48,$147.88
10/30/2024,$154.29,50738360,$152.51,$156.91,$152.51
10/29/2024,$152.98,66387680,$147.86,$155.99,$147.58
10/28/2024,$150.69,20992480,$153.50,$155.20,$150.61
10/25/2024,$155.01,8152969,$156.20,$157.48,$154.5202
10/24/2024,$155.20,9774355,$152.61,$155.89,$151.98
10/23/2024,$157.06,15931490,$160.00,$161.4725,$153.53
10/22/2024,$159.88,7380826,$160.50,$160.66,$158.37
10/21/2024,$159.82,13277550,$160.25,$163.44,$158.36
10/18/2024,$155.00,6030173,$155.84,$156.37,$153.90
10/17/2024,$155.31,6291759,$155.00,$157.14,$154.25
10/16/2024,$154.90,8356210,$151.91,$154.99,$151.34
10/15/2024,$152.35,11241670,$150.50,$153.95,$148.55
10/14/2024,$148.99,9736998,$148.00,$150.09,$146.02
10/11/2024,$151.02,10688550,$146.30,$151.12,$146.30
10/10/2024,$146.62,11275840,$149.07,$149.11,$146.26
10/09/2024,$149.37,12488480,$152.05,$152.19,$148.80
10/08/2024,$154.65,5336289,$155.99,$156.70,$154.14
10/07/2024,$155.91,6267890,$155.00,$158.7599,$154.68
10/04/2024,$155.00,6680591,$152.26,$155.00,$150.85
10/03/2024,$150.52,5704814,$152.12,$152.74,$150.51
10/02/2024,$152.89,4357023,$153.765,$154.8499,$152.835
10/01/2024,$154.22,12588780,$151.46,$156.40,$149.49
09/30/2024,$152.04,10925180,$154.79,$155.30,$151.24
09/27/2024,$156.32,7636991,$155.365,$157.33,$154.39
09/26/2024,$154.58,11414380,$153.94,$157.33,$152.66
09/25/2024,$152.22,9587697,$156.42,$157.22,$152.045
09/24/2024,$155.81,7414902,$155.80,$155.90,$153.69
09/23/2024,$156.30,12476810,$153.00,$158.43,$151.65
09/20/2024,$153.29,13919400,$154.01,$154.64,$152.60
09/19/2024,$154.59,9570002,$157.00,$157.18,$154.27
09/18/2024,$155.11,7714430,$157.00,$158.45,$154.80
09/17/2024,$156.39,8123236,$156.17,$158.88,$155.14
09/16/2024,$155.55,9955158,$156.25,$157.76,$154.02
09/13/2024,$156.77,19003350,$159.78,$162.8899,$155.60
09/12/2024,$162.77,4756367,$159.42,$163.50,$159.06
09/11/2024,$161.33,6664756,$159.79,$161.8699,$156.10
09/10/2024,$160.07,6367077,$162.61,$163.90,$157.93
09/09/2024,$162.91,9091545,$162.30,$164.55,$161.11
09/06/2024,$157.62,7328641,$162.50,$162.85,$156.695
09/05/2024,$162.15,4717520,$164.15,$164.6163,$160.10
09/04/2024,$163.22,7316302,$160.28,$166.70,$160.28
09/03/2024,$161.02,17925420,$167.03,$169.60,$158.30
08/30/2024,$173.74,4146190,$173.14,$174.36,$171.49
08/29/2024,$172.26,4119472,$171.71,$175.28,$170.62
08/28/2024,$170.71,4550273,$172.30,$174.25,$170.15
08/27/2024,$173.05,3295800,$173.62,$173.93,$171.25
08/26/2024,$173.48,4034303,$173.00,$174.915,$172.30
08/23/2024,$174.96,4405948,$173.88,$176.92,$173.17
08/22/2024,$172.76,2788031,$173.00,$175.21,$172.30
08/21/2024,$173.43,4493631,$173.00,$174.20,$171.04
08/20/2024,$172.10,9549138,$176.49,$177.50,$170.04
08/19/2024,$179.64,3894182,$180.04,$180.70,$177.63
08/16/2024,$179.99,6731504,$176.30,$180.51,$176.30
08/15/2024,$176.41,5942222,$170.00,$176.56,$169.98
08/14/2024,$168.50,3852650,$167.885,$169.75,$167.33
08/13/2024,$168.76,6475461,$164.50,$168.88,$162.62
08/12/2024,$164.13,4715584,$167.73,$168.05,$163.519
08/09/2024,$167.91,3635590,$168.39,$169.85,$166.90
08/08/2024,$168.87,6063808,$164.23,$169.35,$164.00
08/07/2024,$163.24,5186448,$167.00,$167.98,$162.99
08/06/2024,$165.04,5817257,$168.89,$169.19,$163.39
08/05/2024,$167.03,9255072,$162.52,$167.68,$162.50
08/02/2024,$169.95,11742810,$175.22,$175.46,$167.25
08/01/2024,$178.31,13886970,$190.00,$191.17,$176.69
07/31/2024,$190.60,15416950,$189.88,$196.95,$183.86
07/30/2024,$186.86,4789017,$186.10,$188.13,$185.15
07/29/2024,$185.43,3608584,$186.70,$187.08,$183.83
07/26/2024,$186.89,6271995,$185.86,$189.59,$184.63
07/25/2024,$184.35,6128022,$179.45,$188.35,$179.45
07/24/2024,$180.07,5109135,$185.62,$187.00,$179.97
07/23/2024,$186.48,7614345,$179.10,$187.04,$179.00
07/22/2024,$178.90,4883531,$181.36,$182.72,$177.23
07/19/2024,$179.67,5121317,$181.40,$181.50,$177.39
07/18/2024,$180.23,5354761,$184.24,$187.37,$179.88
07/17/2024,$184.84,4899566,$185.32,$188.45,$183.79
07/16/2024,$186.05,8546392,$180.05,$187.44,$179.20
07/15/2024,$179.11,5189034,$183.50,$183.72,$178.88
07/12/2024,$182.31,5129294,$183.73,$184.4899,$180.45
07/11/2024,$183.91,4843225,$184.17,$186.10,$183.40
07/10/2024,$183.73,3583175,$183.60,$184.90,$182.80
07/09/2024,$183.24,3955122,$185.11,$186.245,$183.15
07/08/2024,$185.84,9878141,$186.94,$191.50,$182.28
07/05/2024,$184.83,3290380,$184.00,$185.38,$182.23
07/03/2024,$184.31,2764797,$185.05,$185.42,$182.85
07/02/2024,$185.42,4110453,$186.34,$189.225,$184.52
07/01/2024,$186.70,9056710,$182.20,$189.47,$182.20
06/28/2024,$182.01,5899850,$182.60,$184.435,$180.65
06/27/2024,$182.51,8198963,$178.91,$183.68,$178.01
06/26/2024,$178.50,6553895,$174.96,$178.82,$173.76
06/25/2024,$175.10,7695061,$176.29,$178.76,$173.29
06/24/2024,$179.10,7388289,$176.15,$180.60,$175.5901
06/21/2024,$176.56,8635096,$176.83,$178.41,$175.66
06/20/2024,$176.30,5479280,$173.02,$176.6489,$172.045
06/18/2024,$174.99,6179870,$177.61,$178.00,$173.82
06/17/2024,$178.39,4789953,$176.75,$180.45,$176.32
06/14/2024,$177.27,5105974,$178.90,$180.2899,$175.22
06/13/2024,$180.70,4201004,$181.74,$183.87,$178.99
06/12/2024,$182.67,5245156,$186.50,$187.16,$181.71
06/11/2024,$185.50,5010058,$189.32,$189.32,$182.75
06/10/2024,$190.12,4388254,$190.00,$192.63,$189.60
06/07/2024,$190.24,3374548,$190.46,$191.98,$189.66
06/06/2024,$191.42,5942160,$188.83,$192.10,$187.35
06/05/2024,$189.85,5943952,$187.90,$190.34,$186.5268
06/04/2024,$188.62,7176817,$185.05,$188.84,$183.25
06/03/2024,$184.57,8951574,$178.09,$186.01,$178.0197
05/31/2024,$177.61,5774549,$173.12,$177.90,$172.21
05/30/2024,$172.75,3927919,$172.64,$174.68,$171.5501
05/29/2024,$171.65,3666368,$173.61,$175.8299,$171.61
05/28/2024,$175.08,5274390,$174.73,$178.4914,$173.38
05/24/2024,$174.52,9489380,$173.20,$174.8595,$169.57
05/23/2024,$172.21,17115950,$185.79,$186.00,$171.61
05/22/2024,$186.28,3785412,$184.60,$186.8183,$183.41
05/21/2024,$184.78,4349117,$185.30,$186.39,$183.11
05/20/2024,$186.61,6228560,$184.65,$188.63,$184.01
05/17/2024,$184.95,5562368,$183.25,$185.3799,$181.22
05/16/2024,$182.96,6993218,$177.60,$183.76,$177.25
05/15/2024,$176.99,5858857,$180.14,$180.67,$176.17
05/14/2024,$180.76,4686537,$180.23,$183.66,$179.63
05/13/2024,$178.44,3105206,$179.04,$180.75,$178.07
05/10/2024,$178.51,3715473,$181.25,$181.88,$177.92
05/09/2024,$181.25,5107368,$179.55,$181.75,$179.31
05/08/2024,$180.35,4956761,$175.95,$181.66,$175.95
05/07/2024,$176.71,5097451,$177.22,$178.35,$176.13
05/06/2024,$178.35,11913390,$180.88,$183.98,$174.71
05/03/2024,$179.79,5416263,$179.59,$180.49,$177.90
05/02/2024,$178.85,10223730,$173.00,$178.90,$172.2501
05/01/2024,$171.46,6206091,$167.50,$173.86,$167.50
04/30/2024,$167.84,8248754,$171.49,$174.07,$167.76
04/29/2024,$173.49,7805459,$167.90,$173.81,$167.55
04/26/2024,$167.22,7208103,$165.98,$168.65,$164.93
04/25/2024,$166.81,12504690,$163.59,$168.13,$159.70
04/24/2024,$164.33,20889270,$176.50,$177.64,$162.74
04/23/2024,$169.18,7632123,$170.95,$171.18,$168.43
04/22/2024,$170.48,4724887,$169.82,$172.15,$168.16
04/19/2024,$169.82,4693869,$170.00,$172.00,$169.65
04/18/2024,$170.23,5123020,$169.48,$172.04,$169.095
04/17/2024,$170.21,8162632,$170.00,$170.85,$168.1215
04/16/2024,$170.55,7986725,$168.14,$170.64,$167.75
04/15/2024,$167.82,6490657,$170.74,$171.18,$167.53
04/12/2024,$169.55,7568297,$172.20,$173.24,$169.37
04/11/2024,$173.36,7625110,$174.47,$174.70,$171.38
04/10/2024,$174.63,9727732,$176.31,$178.10,$172.44
04/09/2024,$178.12,11439940,$181.51,$183.05,$176.57
04/08/2024,$181.56,6176429,$182.14,$184.55,$181.49
04/05/2024,$183.14,4130401,$184.16,$184.66,$182.44
04/04/2024,$183.29,6513806,$185.93,$188.00,$182.81
04/03/2024,$184.92,6609307,$187.68,$188.78,$184.27
04/02/2024,$188.04,4477218,$189.00,$189.23,$187.13
04/01/2024,$189.50,5107773,$192.24,$192.8673,$189.03
03/28/2024,$192.99,4471666,$192.00,$193.38,$191.20
03/27/2024,$191.95,7372795,$188.84,$191.99,$188.33
03/26/2024,$187.50,8972192,$192.02,$192.03,$186.81
03/25/2024,$191.41,12952960,$196.01,$196.18,$189.5001
03/22/2024,$188.85,7826970,$188.75,$192.94,$188.19
03/21/2024,$187.70,7436385,$189.79,$190.3843,$187.55
03/20/2024,$187.78,12770000,$178.99,$188.297,$178.60
03/19/2024,$181.14,7648033,$180.11,$181.86,$179.735
03/18/2024,$179.84,9497831,$180.26,$181.19,$177.5194
03/15/2024,$182.53,10800680,$180.99,$184.18,$180.91
03/14/2024,$181.15,10016190,$182.00,$184.9399,$180.52
03/13/2024,$182.35,10196150,$183.16,$185.97,$182.08
03/12/2024,$184.24,18714750,$188.235,$188.58,$183.16
03/11/2024,$192.49,14160620,$194.21,$196.07,$189.80
03/08/2024,$198.49,9010175,$201.84,$203.80,$198.46
03/07/2024,$203.03,5965338,$200.70,$203.73,$200.57
03/06/2024,$201.00,4736636,$201.77,$202.345,$199.8601
03/05/2024,$201.14,5034661,$199.49,$202.85,$198.70
03/04/2024,$200.54,7213885,$199.50,$201.54,$196.92
03/01/2024,$200.00,11609470,$204.00,$205.06,$199.01
02/29/2024,$203.72,6670260,$206.44,$206.615,$202.7043
02/28/2024,$207.00,9654653,$201.14,$208.10,$200.18
02/27/2024,$201.40,3932875,$200.93,$202.00,$200.04
02/26/2024,$200.54,4807216,$201.01,$202.75,$200.00
02/23/2024,$200.83,7433353,$200.99,$202.07,$197.15
02/22/2024,$201.50,6513541,$202.00,$204.097,$200.40
02/21/2024,$201.57,4179808,$202.90,$203.6322,$201.21
02/20/2024,$203.37,5248399,$203.55,$205.58,$202.71
02/16/2024,$203.89,5986529,$204.88,$205.05,$202.81
02/15/2024,$205.33,5309060,$204.12,$206.55,$203.40
02/14/2024,$203.38,6503032,$205.95,$206.58,$202.21
02/13/2024,$204.46,8263634,$206.90,$207.81,$202.33
02/12/2024,$209.33,4077413,$208.70,$209.80,$207.60
02/09/2024,$209.20,4349671,$209.77,$211.44,$207.90
02/08/2024,$209.22,5787652,$212.40,$213.10,$208.72
02/07/2024,$211.92,7747653,$208.76,$213.77,$207.99
02/06/2024,$208.58,7561923,$206.02,$210.6399,$203.89
02/05/2024,$206.63,8682514,$204.64,$207.34,$202.00
02/02/2024,$209.38,6275335,$209.06,$209.54,$206.3501
02/01/2024,$209.81,10679210,$213.84,$214.6324,$206.81
01/31/2024,$211.04,22409380,$204.92,$213.77,$203.25
01/30/2024,$200.44,13321190,$203.65,$203.98,$199.14
01/29/2024,$205.19,7535398,$206.06,$207.04,$203.85
01/26/2024,$205.47,9911195,$203.08,$206.75,$203.00
01/25/2024,$201.88,22112470,$208.20,$208.73,$198.32
01/24/2024,$214.13,15119120,$209.83,$217.59,$209.355
01/23/2024,$211.50,9076878,$215.35,$216.85,$211.13
01/22/2024,$214.93,10760760,$213.07,$217.00,$212.36
01/19/2024,$215.02,14345440,$210.89,$215.16,$209.23
01/18/2024,$211.61,20046760,$205.64,$213.04,$203.315
01/17/2024,$203.06,20140110,$202.63,$206.30,$201.65
01/16/2024,$200.52,35289980,$210.07,$210.98,$199.50
01/12/2024,$217.70,11285520,$219.97,$222.07,$217.04
01/11/2024,$222.66,11830490,$228.07,$228.28,$222.62
01/10/2024,$227.84,12883740,$226.90,$231.6099,$226.64
01/09/2024,$225.76,20687540,$225.66,$228.7899,$223.20
01/08/2024,$229.00,40730430,$228.00,$233.85,$225.79
01/05/2024,$249.00,3849746,$245.04,$250.19,$245.04
01/04/2024,$244.94,5170739,$244.58,$248.28,$244.18
01/03/2024,$243.91,7219930,$248.32,$250.13,$243.00
01/02/2024,$251.76,5815219,$257.28,$258.59,$250.87
12/29/2023,$260.66,3686554,$260.67,$262.22,$259.5613
12/28/2023,$260.35,5096448,$261.53,$262.10,$257.68
12/27/2023,$262.10,3484867,$262.63,$264.66,$260.90
12/26/2023,$262.79,3938565,$259.80,$263.7599,$259.54
12/22/2023,$260.44,4433959,$261.83,$262.8424,$259.20
12/21/2023,$262.02,6487150,$265.95,$267.54,$260.19
12/20/2023,$260.25,5151674,$262.25,$266.1298,$260.15
12/19/2023,$263.51,6089492,$261.04,$265.34,$260.8001
12/18/2023,$260.41,6140097,$260.63,$263.13,$260.25
12/15/2023,$264.27,14995890,$255.70,$265.52,$255.70
12/14/2023,$256.24,7883554,$250.91,$257.12,$249.26
12/13/2023,$250.91,5513393,$249.10,$251.87,$247.5316
12/12/2023,$248.63,5719220,$247.95,$250.5686,$247.40
12/11/2023,$248.08,7545047,$243.50,$248.08,$243.31
12/08/2023,$244.70,7171150,$237.32,$244.70,$237.32
12/07/2023,$237.33,6363664,$236.90,$238.30,$230.00
12/06/2023,$236.89,4740614,$234.78,$239.23,$234.43
12/05/2023,$234.16,3589846,$233.54,$234.74,$231.49
12/04/2023,$234.87,5228476,$231.30,$234.94,$230.07
12/01/2023,$233.87,6956205,$231.77,$235.38,$231.38
11/30/2023,$231.63,8736247,$225.00,$233.00,$224.9957
11/29/2023,$224.43,5424443,$223.35,$224.99,$221.3408
11/28/2023,$222.37,7817755,$222.01,$224.80,$219.41
11/27/2023,$219.30,3691175,$218.81,$219.53,$217.66
11/24/2023,$220.00,2312134,$220.61,$221.59,$218.96
11/22/2023,$219.91,5386264,$218.00,$221.50,$217.70
11/21/2023,$218.27,5362087,$216.50,$219.375,$216.07
11/20/2023,$217.71,11587360,$211.01,$218.88,$210.94
11/17/2023,$208.04,3568495,$208.36,$209.42,$206.82
11/16/2023,$206.60,4655083,$207.50,$207.89,$204.81
11/15/2023,$208.71,5205857,$208.21,$211.09,$207.60
11/14/2023,$207.47,7280093,$207.25,$208.56,$205.98
11/13/2023,$204.54,13040320,$203.49,$206.8486,$202.51
11/10/2023,$196.65,4790114,$195.00,$197.26,$194.21
11/09/2023,$193.33,4576284,$193.03,$197.07,$192.56
11/08/2023,$191.83,2984208,$191.45,$192.44,$190.135
11/07/2023,$191.41,4012942,$192.17,$192.17,$189.57
11/06/2023,$192.95,4222214,$195.88,$196.15,$192.46
11/03/2023,$195.05,4485077,$194.00,$197.14,$193.71
11/02/2023,$192.01,4312985,$190.90,$192.94,$190.34
11/01/2023,$189.38,5832248,$189.69,$190.7799,$187.501
10/31/2023,$186.82,5043018,$183.38,$187.29,$181.32
10/30/2023,$182.35,5507130,$179.42,$184.16,$179.42
10/27/2023,$179.69,4606334,$180.00,$182.3299,$179.01
10/26/2023,$179.09,6961816,$177.11,$182.95,$176.53
10/25/2023,$177.73,13806360,$186.00,$187.00,$176.25
10/24/2023,$182.36,4652871,$183.21,$184.35,$181.80
10/23/2023,$181.03,4146153,$179.44,$183.72,$178.43
10/20/2023,$180.04,4523502,$182.68,$183.3899,$179.85
10/19/2023,$182.79,4043653,$185.50,$187.05,$182.54
10/18/2023,$185.69,6268100,$187.22,$190.249,$185.05
10/17/2023,$185.60,5121789,$183.75,$188.3299,$183.30
10/16/2023,$184.93,4700965,$185.91,$186.23,$182.50
10/13/2023,$184.91,8222731,$186.27,$187.29,$183.175
10/12/2023,$191.30,5668341,$195.10,$195.70,$189.96
10/11/2023,$196.07,7393963,$195.47,$199.6199,$194.27
10/10/2023,$193.53,8062372,$190.01,$194.30,$188.76
10/09/2023,$188.49,4575846,$188.00,$189.49,$185.68
10/06/2023,$187.38,5364252,$185.37,$188.64,$182.55
10/05/2023,$186.29,4331651,$186.16,$188.095,$184.135
10/04/2023,$186.73,7419796,$188.85,$190.6324,$184.34
10/03/2023,$188.92,7285526,$188.625,$192.49,$188.20
10/02/2023,$187.83,5244743,$191.47,$192.44,$186.93
09/29/2023,$191.68,5158379,$191.92,$192.95,$190.17
09/28/2023,$190.43,8009511,$193.70,$195.2615,$190.03
09/27/2023,$195.46,4015532,$196.01,$196.40,$192.77
09/26/2023,$195.64,3666266,$197.79,$199.39,$195.42
09/25/2023,$198.78,3527078,$196.84,$198.98,$195.19
09/22/2023,$197.71,4452352,$199.96,$200.74,$197.14
09/21/2023,$199.95,4751021,$201.00,$203.60,$199.71
09/20/2023,$202.37,3742063,$205.87,$206.25,$202.31
09/19/2023,$204.48,4043318,$205.395,$205.658,$202.39
09/18/2023,$205.12,4299153,$207.91,$207.91,$204.98
09/15/2023,$208.11,4670575,$209.28,$209.83,$206.88
09/14/2023,$209.05,3974820,$209.14,$210.44,$208.10
09/13/2023,$208.40,3538051,$210.00,$212.18,$207.75
09/12/2023,$210.65,3256455,$209.35,$212.26,$208.58
09/11/2023,$211.01,4522283,$213.76,$214.20,$208.77
09/08/2023,$211.27,5759415,$215.825,$216.00,$210.51
09/07/2023,$216.05,4929553,$217.50,$220.55,$214.86
09/06/2023,$217.95,4233537,$221.77,$222.7878,$216.4249
09/05/2023,$222.57,3246492,$223.10,$224.0916,$221.20
09/01/2023,$223.40,3658370,$226.00,$226.23,$221.95
08/31/2023,$224.03,6953815,$229.33,$230.4339,$222.93
08/30/2023,$228.85,3328306,$227.08,$231.17,$226.65
08/29/2023,$227.25,3716672,$225.88,$229.40,$225.6638
08/28/2023,$227.06,4641752,$224.21,$227.45,$223.2901
08/25/2023,$223.41,12352320,$218.41,$223.77,$212.8801
08/24/2023,$217.31,9132572,$222.51,$224.20,$217.09
08/23/2023,$228.58,3004522,$230.00,$230.54,$227.105
08/22/2023,$230.07,3012891,$228.08,$230.48,$226.93
08/21/2023,$227.22,2734616,$226.80,$227.6899,$225.1006
08/18/2023,$226.65,3583165,$222.23,$226.79,$221.68
08/17/2023,$224.54,4359411,$230.57,$231.64,$224.26
08/16/2023,$229.95,2273333,$231.50,$234.67,$229.6002
08/15/2023,$232.26,3201850,$235.00,$235.56,$231.5401
08/14/2023,$236.71,2486316,$237.00,$238.65,$235.75
08/11/2023,$235.72,2652074,$237.61,$238.26,$235.12
08/10/2023,$238.26,3710810,$238.45,$241.58,$237.04
08/09/2023,$237.86,4044412,$238.54,$241.24,$236.4061
08/08/2023,$238.04,5149186,$236.52,$240.73,$236.00
08/07/2023,$238.25,6068011,$232.74,$238.98,$232.74
08/04/2023,$231.36,3500705,$232.29,$234.91,$230.08
08/03/2023,$231.36,3285836,$231.00,$233.577,$230.40
08/02/2023,$231.38,5332961,$234.985,$236.68,$230.69
08/01/2023,$238.01,4983841,$237.55,$243.10,$237.31
07/31/2023,$238.85,4897581,$238.99,$239.07,$236.21
07/28/2023,$238.69,7059533,$236.12,$240.13,$235.70
07/27/2023,$233.75,12018320,$235.245,$238.67,$231.83
07/26/2023,$232.80,24923800,$222.16,$233.09,$221.77
07/25/2023,$214.12,6513323,$214.20,$214.82,$210.81
07/24/2023,$215.87,4898342,$212.06,$215.94,$211.46
07/21/2023,$211.80,4056796,$213.89,$215.60,$211.64
07/20/2023,$213.61,5782187,$208.83,$215.10,$208.80
07/19/2023,$208.60,4814145,$211.12,$211.87,$208.235
07/18/2023,$211.57,5895773,$211.00,$213.04,$209.5699
07/17/2023,$211.87,3621509,$212.50,$214.23,$211.735
07/14/2023,$213.12,4294849,$217.00,$217.016,$212.81
07/13/2023,$216.85,4291709,$218.13,$218.90,$216.30
07/12/2023,$217.11,5123178,$219.51,$221.56,$216.92
07/11/2023,$218.76,7458378,$212.915,$218.98,$211.35
07/10/2023,$213.31,3497125,$211.84,$213.59,$211.22
07/07/2023,$212.10,4893550,$212.94,$215.66,$211.83
07/06/2023,$212.62,4683145,$212.48,$213.61,$209.58
07/05/2023,$213.31,4928368,$210.00,$214.28,$207.89
07/03/2023,$210.92,2143048,$210.50,$212.1686,$210.24
06/30/2023,$211.16,5488713,$213.14,$213.24,$209.38
06/29/2023,$211.83,3443612,$211.12,$213.22,$210.23
06/28/2023,$210.72,4276103,$211.21,$212.19,$209.45
06/27/2023,$209.43,4465456,$206.15,$209.66,$206.08
06/26/2023,$205.58,3444885,$206.11,$207.09,$204.66
06/23/2023,$205.41,6338199,$204.02,$205.61,$202.55
06/22/2023,$205.61,7066256,$205.61,$208.4999,$203.65
06/21/2023,$212.08,5356372,$211.83,$212.99,$209.3875
06/20/2023,$212.37,8226380,$218.89,$219.29,$211.88
06/16/2023,$219.99,7803924,$220.72,$223.87,$218.975
06/15/2023,$219.41,5001432,$217.17,$220.61,$215.31
06/14/2023,$216.90,5629070,$221.40,$221.585,$216.0313
06/13/2023,$220.38,5880966,$222.35,$223.12,$219.35
06/12/2023,$221.56,8072612,$217.16,$223.91,$216.63
06/09/2023,$217.31,5300206,$217.99,$219.1574,$215.69
06/08/2023,$218.11,9364667,$212.34,$220.00,$212.05
06/07/2023,$211.93,6462432,$207.99,$212.38,$207.20
06/06/2023,$207.29,10957200,$208.37,$211.68,$200.61
06/05/2023,$208.78,4996838,$213.28,$210.44,$207.50
06/02/2023,$213.32,7486308,$210.00,$215.24,$210.00
06/01/2023,$207.96,5125109,$206.46,$210.23,$206.00
05/31/2023,$205.70,5461557,$203.50,$206.19,$200.91
05/30/2023,$204.69,3978166,$204.09,$207.7999,$203.3101
05/26/2023,$203.63,3820301,$201.60,$204.80,$201.18
05/25/2023,$200.87,3909225,$199.99,$201.75,$196.60
05/24/2023,$199.27,4371635,$201.32,$201.32,$197.50
05/23/2023,$202.60,4011110,$204.58,$207.4891,$202.445
05/22/2023,$205.91,3094296,$205.51,$206.98,$203.90
05/19/2023,$205.49,3896195,$208.11,$208.37,$204.63
05/18/2023,$207.24,4349708,$206.45,$208.17,$204.01
05/17/2023,$206.87,6641940,$202.71,$208.58,$202.71
05/16/2023,$200.87,3013181,$201.82,$202.36,$199.9401
05/15/2023,$202.77,2842669,$200.01,$203.32,$198.65
05/12/2023,$200.70,3169771,$201.84,$203.11,$198.82
05/11/2023,$201.84,3322037,$199.39,$202.55,$198.07
05/10/2023,$200.84,3923706,$203.14,$203.20,$198.25
05/09/2023,$201.88,9329516,$201.21,$204.61,$198.78
05/08/2023,$197.26,4677387,$199.16,$199.66,$196.40
05/05/2023,$198.34,3872233,$198.09,$199.04,$196.76
05/04/2023,$197.05,6934072,$200.65,$201.25,$193.27
05/03/2023,$200.93,4537939,$204.36,$206.1014,$200.55
05/02/2023,$203.25,3970843,$203.00,$204.19,$200.09
05/01/2023,$203.87,3776842,$206.25,$208.52,$203.62
04/28/2023,$206.78,3716063,$204.51,$206.95,$202.90
04/27/2023,$206.04,5105173,$204.65,$209.09,$203.53
04/26/2023,$203.03,9137206,$208.25,$211.70,$202.68
04/25/2023,$202.19,4699498,$204.54,$204.94,$201.12
04/24/2023,$205.77,3058925,$204.87,$206.50,$203.25
04/21/2023,$205.15,3432331,$208.00,$208.376,$204.18
04/20/2023,$207.23,3322910,$207.42,$209.88,$206.0776
04/19/2023,$208.71,4757402,$207.12,$210.87,$206.94
04/18/2023,$208.37,7445759,$205.50,$208.9356,$203.72
04/17/2023,$205.03,6306803,$202.00,$206.10,$200.80
04/14/2023,$201.71,19066480,$202.59,$204.2819,$198.1541
04/13/2023,$213.59,4501594,$213.00,$213.68,$211.495
04/12/2023,$212.34,4600326,$213.66,$214.30,$210.13
04/11/2023,$212.32,5277549,$213.29,$214.50,$211.86
04/10/2023,$210.78,3729340,$211.00,$214.10,$209.73
04/06/2023,$211.37,5618125,$210.00,$212.37,$208.22
04/05/2023,$210.00,4138426,$212.23,$214.23,$208.671
04/04/2023,$213.90,6192254,$212.00,$213.99,$209.12
04/03/2023,$215.39,6085935,$212.80,$218.57,$212.53
03/31/2023,$212.43,5147549,$211.75,$214.80,$211.39
03/30/2023,$211.04,6583391,$208.97,$212.8699,$206.5207
03/29/2023,$207.97,3572163,$206.50,$208.6467,$205.88
03/28/2023,$204.96,5460587,$200.82,$206.30,$200.485
03/27/2023,$200.57,3891702,$198.63,$201.55,$198.63
03/24/2023,$197.53,4513512,$195.50,$197.57,$193.9202
03/23/2023,$197.90,6266894,$197.90,$201.50,$195.14
03/22/2023,$196.16,7311578,$203.68,$203.83,$196.01
03/21/2023,$204.70,4673304,$207.30,$207.86,$203.89
03/20/2023,$204.77,4763997,$201.12,$205.87,$200.87
03/17/2023,$201.05,9858936,$201.35,$202.8336,$199.00
03/16/2023,$203.19,6752125,$196.205,$203.9104,$194.43
03/15/2023,$198.21,10894230,$201.92,$202.2077,$192.41
03/14/2023,$207.28,8245664,$207.53,$213.5599,$205.00
03/13/2023,$203.37,6671174,$200.20,$207.08,$197.11
03/10/2023,$203.07,8547078,$201.43,$205.00,$197.79
03/09/2023,$201.24,4284026,$208.32,$209.02,$200.30
03/08/2023,$207.20,2406897,$208.25,$208.88,$205.94
03/07/2023,$207.92,4619710,$211.31,$213.175,$207.775
03/06/2023,$211.92,7004436,$214.12,$214.75,$209.60
03/03/2023,$215.11,7496846,$210.25,$216.12,$209.40
03/02/2023,$210.06,5454074,$203.78,$210.33,$203.15
03/01/2023,$204.55,4402266,$201.47,$205.435,$200.85
02/28/2023,$201.55,3589900,$201.00,$202.38,$199.32
02/27/2023,$200.46,4318866,$199.87,$203.1259,$199.06
02/24/2023,$198.15,9658678,$200.00,$201.70,$197.36
02/23/2023,$208.13,4139351,$207.45,$209.692,$205.76
02/22/2023,$205.76,2920010,$205.31,$207.665,$204.65
02/21/2023,$205.52,4663756,$208.99,$210.84,$205.05
02/17/2023,$211.66,4985686,$211.21,$211.76,$207.6196
02/16/2023,$212.21,4387973,$215.00,$216.52,$212.17
02/15/2023,$217.44,4852436,$217.16,$218.25,$214.60
02/14/2023,$218.45,10033120,$214.02,$221.33,$213.15
02/13/2023,$215.65,5193329,$213.60,$216.355,$211.50
02/10/2023,$212.89,4862940,$212.01,$214.50,$210.50
02/09/2023,$211.99,5018879,$214.46,$215.4521,$210.06
02/08/2023,$213.50,4229794,$213.07,$215.77,$211.78
02/07/2023,$214.76,7311187,$208.04,$215.15,$206.92
02/06/2023,$206.81,3903023,$205.19,$208.21,$203.69
02/03/2023,$206.01,5400280,$207.71,$210.75,$205.618
02/02/2023,$209.34,6513357,$215.15,$215.29,$208.30
02/01/2023,$214.75,8462076,$212.11,$218.97,$211.90
01/31/2023,$213.00,5162983,$210.15,$213.11,$208.24
01/30/2023,$209.67,6066779,$209.19,$211.36,$207.71
01/27/2023,$211.17,5237944,$211.32,$212.88,$209.42
01/26/2023,$212.73,7288144,$213.48,$213.79,$207.20
01/25/2023,$212.68,16106550,$205.80,$214.75,$203.11
01/24/2023,$211.98,4753694,$205.00,$212.15,$205.00
01/23/2023,$209.97,5481938,$208.36,$211.09,$206.99
01/20/2023,$206.76,5475404,$207.47,$207.99,$204.78
01/19/2023,$207.09,5813518,$206.77,$209.67,$204.82
01/18/2023,$209.41,5403094,$212.90,$213.4245,$209.20
01/17/2023,$211.41,6150658,$212.71,$213.34,$209.07
01/13/2023,$214.13,6213161,$212.00,$216.64,$211.58
01/12/2023,$214.32,8208101,$209.58,$214.92,$207.3701
01/11/2023,$208.03,7190749,$209.87,$210.47,$206.69
01/10/2023,$206.69,8183236,$203.90,$209.6022,$203.4608
01/09/2023,$208.57,9005601,$212.36,$213.88,$207.91
01/06/2023,$213.00,11256440,$205.30,$213.04,$203.55
01/05/2023,$204.99,6913273,$201.72,$204.99,$200.78
01/04/2023,$203.64,9746939,$195.18,$203.76,$195.1758
01/03/2023,$195.39,8624570,$192.95,$197.175,$192.40
12/30/2022,$190.49,4007419,$187.50,$190.65,$187.04
12/29/2022,$188.91,4518946,$189.00,$190.25,$186.19
12/28/2022,$188.38,4426251,$189.32,$191.32,$187.425
12/27/2022,$189.40,5014846,$189.58,$192.44,$187.6169
12/23/2022,$189.06,3983591,$188.25,$189.43,$184.72
12/22/2022,$188.25,6928514,$193.82,$194.17,$185.67
12/21/2022,$196.00,9175376,$190.04,$196.40,$189.72
12/20/2022,$188.29,6156847,$186.18,$189.91,$185.74
12/19/2022,$185.68,6605378,$184.92,$188.04,$184.71
12/16/2022,$184.70,7906778,$182.79,$186.61,$181.295
12/15/2022,$183.72,5347787,$186.25,$187.975,$181.2801
12/14/2022,$188.25,5814881,$187.33,$189.67,$185.41
12/13/2022,$187.13,10975250,$191.11,$191.11,$184.85
12/12/2022,$186.27,8098395,$180.80,$186.69,$180.50
12/09/2022,$179.54,6359002,$180.75,$183.89,$179.2501
12/08/2022,$179.08,6707652,$179.32,$184.88,$178.61
12/07/2022,$176.50,5871242,$176.28,$178.43,$174.62
12/06/2022,$178.43,8236878,$184.01,$184.79,$177.01
12/05/2022,$185.10,10456280,$182.00,$188.4499,$180.8002
12/02/2022,$182.87,10563840,$173.12,$183.45,$172.85
12/01/2022,$175.78,4517476,$178.88,$179.70,$174.69
11/30/2022,$178.88,6778734,$178.00,$179.98,$174.2005
11/29/2022,$175.32,5077828,$172.88,$175.95,$172.56
11/28/2022,$171.83,5358932,$176.17,$177.14,$171.70
11/25/2022,$178.36,3476919,$174.35,$178.46,$174.0301
11/23/2022,$174.85,3523516,$172.09,$175.00,$171.77
11/22/2022,$172.50,4370635,$173.65,$174.99,$171.00
11/21/2022,$172.94,3501842,$172.53,$174.72,$171.12
11/18/2022,$173.89,4693178,$173.98,$175.1899,$171.53
11/17/2022,$172.78,4881887,$169.30,$173.15,$168.52
11/16/2022,$172.69,4438554,$174.11,$174.79,$171.85
11/15/2022,$175.35,7207867,$175.49,$176.69,$172.75
11/14/2022,$173.55,5598338,$176.50,$178.19,$173.50
11/11/2022,$177.49,8894308,$176.40,$178.0299,$172.99
11/10/2022,$177.58,12374960,$172.14,$179.32,$171.75
11/09/2022,$168.74,8893769,$169.29,$171.62,$166.86
11/08/2022,$169.62,11274520,$166.00,$170.55,$164.9117
11/07/2022,$164.91,10220310,$161.40,$166.6999,$160.63
11/04/2022,$160.01,9396185,$156.66,$160.98,$154.495
11/03/2022,$156.75,16212570,$148.79,$158.69,$147.50
11/02/2022,$147.41,20241980,$142.12,$153.59,$141.54
11/01/2022,$143.38,5758566,$143.99,$145.25,$141.835
10/31/2022,$142.51,6212198,$141.88,$144.449,$139.52
10/28/2022,$143.84,7941087,$141.16,$144.73,$139.9314
10/27/2022,$139.76,13754940,$137.10,$143.1024,$136.6201
10/26/2022,$133.79,29457730,$147.05,$150.14,$132.205
10/25/2022,$146.65,6515643,$142.09,$146.88,$141.88
10/24/2022,$142.05,5177845,$142.85,$142.88,$139.2815
10/21/2022,$141.32,5451265,$138.48,$141.33,$136.62
10/20/2022,$139.13,4331680,$138.36,$141.88,$138.36
10/19/2022,$138.39,6321910,$137.17,$141.20,$136.63
10/18/2022,$137.34,6146349,$139.00,$139.42,$135.22
10/17/2022,$136.09,9073526,$136.98,$137.28,$133.2601
10/14/2022,$133.15,6099656,$135.59,$136.41,$131.37
10/13/2022,$132.40,7842266,$126.50,$134.70,$124.17
10/12/2022,$130.42,6392973,$128.43,$131.34,$127.86
10/11/2022,$131.57,8508386,$132.96,$135.36,$129.5101
10/10/2022,$131.90,6829914,$131.42,$135.74,$130.2007
10/07/2022,$129.79,5097386,$130.36,$130.607,$128.02
10/06/2022,$132.20,4454674,$131.13,$133.3099,$129.7407
10/05/2022,$132.11,6268322,$130.28,$133.55,$128.26
10/04/2022,$133.51,7235737,$129.40,$133.57,$129.33
10/03/2022,$126.05,7962384,$122.00,$127.15,$121.02
09/30/2022,$121.08,8382981,$123.14,$125.475,$120.99
09/29/2022,$125.33,8905426,$131.20,$131.61,$123.80
09/28/2022,$133.44,10257200,$128.04,$133.89,$127.40
09/27/2022,$127.51,6682349,$129.32,$130.45,$125.60
09/26/2022,$127.34,7095145,$129.77,$132.45,$126.88
09/23/2022,$131.26,8927864,$135.65,$136.185,$129.50
09/22/2022,$138.71,6311829,$143.13,$143.70,$138.29
09/21/2022,$143.29,6244253,$146.77,$149.87,$143.21
09/20/2022,$145.94,6737550,$145.26,$147.67,$143.90
09/19/2022,$144.88,5150720,$142.62,$146.99,$142.35
09/16/2022,$144.29,10310730,$145.23,$145.63,$141.35
09/15/2022,$149.78,9792791,$147.88,$153.45,$147.28
09/14/2022,$149.26,8477972,$146.90,$149.70,$144.30
09/13/2022,$147.31,8724873,$153.60,$155.19,$147.13
09/12/2022,$158.72,5363130,$158.46,$160.97,$157.45
09/09/2022,$157.52,5782876,$158.00,$159.75,$156.95
09/08/2022,$157.79,4949112,$155.00,$158.30,$153.84
09/07/2022,$155.95,5298579,$151.26,$156.345,$150.87
09/06/2022,$152.39,5210472,$152.39,$154.48,$150.46
09/02/2022,$151.82,5262774,$155.19,$156.99,$151.48
09/01/2022,$153.66,7651999,$158.00,$158.90,$150.82
08/31/2022,$160.25,4123490,$163.00,$163.551,$160.14
08/30/2022,$162.21,6248628,$167.27,$169.92,$160.7201
08/29/2022,$165.42,4727621,$162.28,$166.9021,$162.20
08/26/2022,$164.53,4957414,$170.00,$171.37,$164.27
08/25/2022,$169.38,4949408,$164.56,$169.65,$163.70
08/24/2022,$163.60,4211287,$162.27,$164.14,$161.3801
08/23/2022,$160.07,3425179,$159.14,$161.6899,$159.0806
08/22/2022,$158.98,5312327,$159.40,$160.2682,$157.91
08/19/2022,$162.92,5736069,$166.33,$166.84,$162.58
08/18/2022,$168.69,4404601,$167.20,$169.1799,$165.77
08/17/2022,$167.20,6533521,$169.61,$169.85,$166.09
08/16/2022,$172.08,5259589,$170.00,$173.85,$169.15
08/15/2022,$170.47,4734688,$169.29,$172.55,$168.32
08/12/2022,$169.99,4345220,$168.39,$170.11,$167.57
08/11/2022,$167.88,4996809,$170.50,$171.7599,$167.05
08/10/2022,$169.02,7181681,$168.35,$171.14,$167.25
08/09/2022,$164.85,6064750,$166.51,$166.51,$163.45
08/08/2022,$165.89,11311690,$166.41,$171.09,$164.7115
08/05/2022,$165.04,4709123,$164.40,$167.07,$163.93
08/04/2022,$166.50,5039567,$165.77,$168.12,$164.41
08/03/2022,$166.64,6709072,$164.51,$167.52,$162.33
08/02/2022,$163.28,10874320,$167.00,$167.325,$163.14
08/01/2022,$169.07,18321560,$165.95,$171.76,$164.25
07/29/2022,$159.31,5743489,$157.95,$159.84,$155.54
07/28/2022,$159.09,8729065,$154.02,$160.10,$153.03
07/27/2022,$156.09,16356650,$161.12,$162.74,$152.80
07/26/2022,$155.92,6053054,$155.24,$158.18,$154.50
07/25/2022,$156.64,5764734,$156.94,$157.31,$152.84
07/22/2022,$158.16,7594878,$161.80,$163.3399,$157.77
07/21/2022,$161.41,8044091,$158.89,$161.655,$156.19
07/20/2022,$158.38,8668596,$156.00,$159.40,$154.26
07/19/2022,$156.13,14182970,$149.61,$156.28,$148.97
07/18/2022,$147.72,13948500,$153.305,$155.94,$147.20
07/15/2022,$147.74,7910408,$149.17,$149.7359,$144.65
07/14/2022,$147.15,9456114,$141.11,$147.49,$140.61
07/13/2022,$143.95,9038684,$142.785,$146.41,$142.18
07/12/2022,$147.15,18598190,$136.86,$149.32,$136.81
07/11/2022,$136.99,6180548,$137.77,$139.24,$134.89
07/08/2022,$139.07,5655499,$139.70,$140.7391,$137.3747
07/07/2022,$139.97,7674390,$137.93,$142.275,$137.8985
07/06/2022,$136.31,6608039,$137.54,$138.71,$134.46
07/05/2022,$137.70,10073970,$136.25,$138.07,$131.29
07/01/2022,$139.84,7627130,$135.88,$141.79,$135.40
06/30/2022,$136.72,8455129,$134.30,$137.49,$131.60
06/29/2022,$138.45,7489226,$138.61,$138.92,$134.84
06/28/2022,$138.70,12142260,$140.89,$147.18,$138.54
06/27/2022,$138.72,8457424,$140.28,$140.5725,$136.22
06/24/2022,$141.53,13626220,$135.01,$141.87,$134.95
06/23/2022,$133.97,10746910,$136.42,$137.42,$130.0917
06/22/2022,$137.16,7717692,$134.03,$138.79,$133.28
06/21/2022,$136.75,10519900,$139.17,$140.9395,$135.84
06/17/2022,$136.80,16042480,$132.25,$138.98,$131.50
06/16/2022,$133.36,19543640,$131.70,$135.34,$131.26
06/15/2022,$133.72,25997850,$124.35,$134.99,$123.83
06/14/2022,$122.16,17549810,$116.65,$122.19,$113.02
06/13/2022,$115.86,16778490,$123.00,$123.25,$114.14
06/10/2022,$127.00,7776856,$130.27,$132.1949,$126.85
06/09/2022,$133.73,6018982,$139.35,$139.66,$133.70
06/08/2022,$139.63,5833696,$139.13,$142.2063,$138.4401
06/07/2022,$140.82,5436085,$137.49,$141.24,$135.91
06/06/2022,$139.24,6354823,$139.99,$141.14,$136.83
06/03/2022,$139.25,10091800,$138.52,$140.70,$137.585
06/02/2022,$140.50,12777040,$132.14,$140.55,$131.87
06/01/2022,$130.65,9991563,$133.00,$134.33,$127.01
05/31/2022,$131.40,7953651,$131.03,$132.99,$128.86
05/27/2022,$132.23,7261516,$128.77,$132.23,$128.32
05/26/2022,$127.73,8333861,$123.10,$128.8416,$122.74
05/25/2022,$122.06,7707912,$119.17,$122.595,$118.76
05/24/2022,$119.40,9092426,$122.44,$122.70,$117.29
05/23/2022,$124.07,9341490,$121.70,$124.48,$120.34
05/20/2022,$120.70,18822240,$128.77,$128.85,$117.08
05/19/2022,$127.14,8075776,$124.40,$128.40,$123.70
05/18/2022,$125.52,9567609,$130.34,$132.10,$124.36
05/17/2022,$132.05,12154220,$126.905,$132.83,$125.79
05/16/2022,$124.05,10631560,$127.05,$131.1242,$122.35
05/13/2022,$127.20,20891520,$124.98,$130.80,$122.38
05/12/2022,$123.14,15891330,$126.89,$128.53,$120.28
05/11/2022,$129.39,11388360,$132.95,$138.96,$129.11
05/10/2022,$132.95,11781420,$136.76,$137.835,$130.3301
05/09/2022,$133.31,12593830,$146.00,$146.95,$132.65
05/06/2022,$148.90,7697850,$149.96,$150.90,$145.85
05/05/2022,$150.47,7950792,$155.69,$157.99,$149.05
05/04/2022,$156.97,9550623,$152.91,$157.14,$150.7723
05/03/2022,$153.58,10149450,$149.09,$154.4494,$147.91
05/02/2022,$148.61,12399200,$148.02,$149.4517,$143.3821
04/29/2022,$148.84,10896590,$153.44,$157.0299,$148.52
04/28/2022,$154.22,13518820,$156.61,$156.79,$149.00
04/27/2022,$154.46,40371730,$161.25,$161.25,$146.00
04/26/2022,$167.04,9277309,$174.76,$174.87,$166.85
04/25/2022,$175.91,6293100,$174.51,$176.08,$172.45
04/22/2022,$176.92,6372406,$180.78,$182.67,$176.50
04/21/2022,$181.02,7446130,$188.73,$189.85,$180.55
04/20/2022,$183.55,6824287,$187.24,$187.34,$182.86
04/19/2022,$185.98,7485607,$180.36,$187.61,$180.28
04/18/2022,$179.85,5042585,$181.45,$182.46,$178.55
04/14/2022,$181.94,5144620,$182.75,$185.54,$181.64
04/13/2022,$182.87,7399856,$176.96,$183.46,$176.96
04/12/2022,$176.28,6125106,$175.50,$178.50,$174.53
04/11/2022,$175.03,6001124,$173.84,$179.67,$173.40
04/08/2022,$175.20,6524064,$176.54,$178.13,$174.24
04/07/2022,$177.97,7517791,$178.13,$178.66,$173.87
04/06/2022,$178.72,8173868,$180.40,$180.57,$176.5802
04/05/2022,$182.65,9371632,$189.70,$192.35,$182.52
04/04/2022,$191.18,7799600,$190.02,$191.8448,$186.91
04/01/2022,$190.76,4862109,$192.58,$192.616,$188.78
03/31/2022,$191.50,6447933,$195.00,$197.5799,$191.45
03/30/2022,$194.91,9959326,$192.32,$197.45,$191.36
03/29/2022,$193.80,8438704,$191.62,$196.36,$191.20
03/28/2022,$188.16,6904146,$188.43,$189.26,$184.47
03/25/2022,$188.95,6370952,$187.76,$191.70,$186.93
03/24/2022,$189.05,7094360,$186.35,$189.19,$184.72
03/23/2022,$186.04,8297782,$189.67,$190.16,$185.03
03/22/2022,$191.04,14378470,$185.24,$192.8629,$184.52
03/21/2022,$185.90,27369580,$184.40,$187.265,$180.61
03/18/2022,$192.83,12849580,$192.07,$193.38,$190.10
03/17/2022,$190.19,8126616,$186.36,$190.24,$185.27
03/16/2022,$188.99,12077530,$183.39,$189.60,$182.30
03/15/2022,$179.89,8051498,$176.30,$180.50,$175.60
03/14/2022,$175.52,8138882,$175.88,$178.2289,$172.57
03/11/2022,$176.23,9373598,$183.59,$184.86,$175.95
03/10/2022,$178.39,8364100,$175.76,$182.02,$175.39
03/09/2022,$178.56,10062150,$179.80,$182.87,$177.41
03/08/2022,$173.80,13715460,$169.73,$180.82,$167.58
03/07/2022,$169.17,12847460,$181.03,$182.72,$169.06
03/04/2022,$180.84,13104580,$187.37,$188.3203,$178.97
03/03/2022,$188.85,12424490,$197.94,$198.50,$188.71
03/02/2022,$197.81,7463406,$196.27,$199.85,$194.6413
03/01/2022,$194.91,11799490,$203.11,$203.50,$192.93
02/28/2022,$205.34,9859273,$198.58,$207.31,$196.75
02/25/2022,$201.48,8730302,$201.09,$204.07,$199.1006
02/24/2022,$198.43,12207630,$189.29,$198.855,$186.88
02/23/2022,$196.42,7326312,$201.13,$203.2499,$195.91
02/22/2022,$198.74,10382140,$205.00,$206.90,$197.82
02/18/2022,$209.03,6973602,$212.56,$214.7288,$208.60
02/17/2022,$213.58,6176575,$218.47,$218.5799,$212.67
02/16/2022,$218.93,5698917,$216.10,$219.68,$215.28
02/15/2022,$217.73,10461010,$214.84,$219.5394,$213.69
02/14/2022,$210.04,6481404,$213.00,$215.63,$208.76
02/11/2022,$212.30,11443740,$217.87,$221.42,$210.27
02/10/2022,$218.75,11695860,$213.71,$223.23,$213.695
02/09/2022,$215.86,7587730,$214.91,$217.04,$213.3004
02/08/2022,$213.27,7356230,$212.68,$213.87,$209.69
02/07/2022,$211.92,11816910,$205.79,$214.37,$205.42
02/04/2022,$206.45,5952563,$205.00,$208.25,$203.10
02/03/2022,$206.39,7054722,$206.06,$209.10,$204.26
02/02/2022,$207.52,7843739,$205.43,$208.3857,$203.21
02/01/2022,$208.34,12265150,$202.48,$208.89,$200.495
01/31/2022,$200.24,15504560,$190.73,$200.34,$190.00
01/28/2022,$190.57,10966710,$188.78,$190.72,$183.77
01/27/2022,$189.75,12670070,$196.38,$199.7073,$188.64
01/26/2022,$194.27,19974400,$206.214,$206.214,$191.92
01/25/2022,$204.10,8824460,$200.10,$205.63,$197.5501
01/24/2022,$204.20,13810340,$199.85,$204.80,$192.51
01/21/2022,$205.44,11548500,$213.79,$213.79,$204.57
01/20/2022,$214.19,7636803,$217.38,$221.95,$213.42
01/19/2022,$217.08,9382827,$225.10,$225.42,$216.94
01/18/2022,$225.01,8947332,$224.50,$229.67,$224.26
01/14/2022,$225.96,8053460,$222.16,$226.20,$220.25
01/13/2022,$223.90,17628010,$222.25,$226.89,$220.05
01/12/2022,$217.45,9134501,$217.09,$221.24,$216.30
01/11/2022,$216.02,8098367,$209.00,$217.03,$208.41
01/10/2022,$209.31,8229019,$214.26,$215.28,$207.13
01/07/2022,$215.50,9526395,$212.98,$218.32,$212.3825
01/06/2022,$211.34,7142191,$214.64,$216.00,$207.86
01/05/2022,$213.07,11564730,$216.64,$218.93,$211.81
01/04/2022,$213.63,11414560,$211.30,$214.5555,$209.78
01/03/2022,$207.86,9074592,$204.00,$210.55,$203.34
12/31/2021,$201.32,8052980,$202.20,$203.69,$200.03
12/30/2021,$202.71,7012644,$203.00,$206.00,$202.60
12/29/2021,$203.66,6119004,$205.36,$205.41,$202.60
12/28/2021,$206.13,8885989,$202.23,$208.9373,$201.65
12/27/2021,$203.17,7826624,$201.99,$203.43,$199.10
12/23/2021,$204.22,7415194,$202.13,$205.13,$201.32
12/22/2021,$201.69,8145344,$199.46,$202.93,$197.94
12/21/2021,$199.52,12082320,$190.28,$199.69,$190.04
12/20/2021,$188.48,10256380,$188.11,$190.36,$185.26
12/17/2021,$192.63,12642000,$190.27,$194.77,$187.88
12/16/2021,$190.79,8216806,$197.00,$198.3175,$190.44
12/15/2021,$195.43,10535860,$195.28,$196.5799,$190.32
12/14/2021,$195.50,8445068,$195.60,$200.50,$195.18
12/13/2021,$197.40,10619580,$202.50,$202.81,$195.55
12/10/2021,$205.06,6040048,$208.81,$209.00,$203.48
12/09/2021,$207.56,7011011,$207.53,$208.545,$205.20
12/08/2021,$211.03,6986783,$209.18,$212.6799,$207.71
12/07/2021,$208.83,10387920,$207.06,$211.65,$206.38
12/06/2021,$205.88,11587880,$199.77,$206.4201,$199.20
12/03/2021,$198.49,10742710,$198.70,$199.90,$195.4201
12/02/2021,$202.38,20435440,$196.80,$202.54,$192.41
12/01/2021,$188.19,13321990,$200.81,$201.62,$188.00
11/30/2021,$197.85,12638920,$196.02,$198.82,$193.85
11/29/2021,$198.50,12276240,$201.87,$204.28,$195.33
11/26/2021,$199.21,17636640,$197.57,$199.42,$194.00
11/24/2021,$210.60,5437620,$207.52,$211.22,$206.87
11/23/2021,$209.13,8882817,$211.50,$212.99,$207.77
11/22/2021,$209.90,10764320,$215.00,$215.02,$208.95
11/19/2021,$214.13,20844070,$225.07,$225.33,$213.23
11/18/2021,$227.25,10983710,$230.30,$231.50,$224.951
11/17/2021,$226.62,10750940,$229.54,$231.32,$224.20
11/16/2021,$225.80,10120190,$232.94,$232.95,$225.51
11/15/2021,$233.09,21921860,$227.37,$233.94,$226.92
11/12/2021,$220.96,6419877,$219.72,$223.75,$218.90
11/11/2021,$219.38,6567341,$220.50,$222.65,$218.90
11/10/2021,$218.50,8197584,$219.36,$225.68,$217.27
11/09/2021,$220.79,6863672,$222.49,$222.85,$217.54
11/08/2021,$222.68,9456055,$225.24,$226.99,$222.11
11/05/2021,$224.46,16936330,$217.70,$224.58,$217.70
11/04/2021,$213.03,5849588,$213.80,$214.82,$211.87
11/03/2021,$213.38,4636071,$211.47,$213.76,$210.8721
11/02/2021,$212.77,6160169,$213.83,$215.715,$210.70
11/01/2021,$214.58,9284925,$207.00,$214.69,$206.81
10/29/2021,$207.03,8559535,$206.84,$208.24,$205.29
10/28/2021,$207.85,8825454,$206.00,$208.74,$204.60
10/27/2021,$206.61,14761730,$212.85,$212.90,$205.64
10/26/2021,$209.81,11014460,$213.19,$214.85,$208.18
10/25/2021,$212.87,7239142,$213.25,$213.9785,$211.70
10/22/2021,$212.97,7077636,$214.60,$216.72,$212.575
10/21/2021,$214.34,8691450,$216.54,$218.1122,$213.81
10/20/2021,$216.17,8485162,$215.49,$218.66,$214.35
10/19/2021,$215.97,5963390,$217.47,$217.6585,$215.28
10/18/2021,$216.98,6553519,$216.00,$217.28,$214.05
10/15/2021,$217.04,8773359,$218.165,$219.61,$216.28
10/14/2021,$217.44,10427320,$221.07,$222.18,$217.0411
10/13/2021,$221.78,8240198,$224.00,$224.2995,$219.36
10/12/2021,$223.57,8486823,$226.00,$228.66,$223.12
10/11/2021,$226.45,7287044,$226.50,$232.10,$225.32
10/08/2021,$226.39,4515032,$226.75,$228.7124,$225.40
10/07/2021,$226.48,7748521,$227.34,$229.00,$225.90
10/06/2021,$224.99,7157571,$221.08,$225.07,$219.2001
10/05/2021,$224.42,5687275,$224.27,$226.45,$222.42
10/04/2021,$223.79,6946121,$225.68,$227.9707,$222.00
10/01/2021,$226.00,9113628,$222.85,$226.72,$220.60
09/30/2021,$219.94,10366950,$226.08,$226.15,$219.46
09/29/2021,$225.36,16808040,$227.80,$229.9399,$224.86
09/28/2021,$218.41,9639787,$222.90,$224.577,$216.4201
09/27/2021,$224.16,9749201,$224.00,$228.60,$223.8775
09/24/2021,$221.39,6498169,$219.13,$222.41,$218.66
09/23/2021,$221.10,9344582,$217.81,$222.62,$217.1501
09/22/2021,$216.98,10953030,$210.00,$217.99,$209.65
09/21/2021,$208.51,7139027,$210.25,$211.76,$207.72
09/20/2021,$209.50,10567360,$210.81,$212.43,$206.53
09/17/2021,$213.36,7944216,$213.12,$215.37,$211.91
09/16/2021,$213.36,6370944,$213.96,$216.31,$213.31
09/15/2021,$214.22,7916346,$211.79,$214.35,$210.32
09/14/2021,$211.57,9947021,$215.84,$216.11,$210.711
09/13/2021,$214.48,10175860,$211.35,$215.64,$209.88
09/10/2021,$210.30,6959706,$215.16,$215.89,$210.12
09/09/2021,$213.94,9242766,$211.15,$216.61,$210.72
09/08/2021,$211.38,8877646,$213.60,$216.08,$210.51
09/07/2021,$214.24,13196120,$215.91,$216.71,$212.17
09/03/2021,$218.17,6400289,$219.454,$221.18,$217.46
09/02/2021,$220.83,8905096,$218.95,$223.84,$218.08
09/01/2021,$218.12,7157411,$220.00,$221.76,$217.62
08/31/2021,$219.50,6764472,$217.33,$221.325,$217.0854
08/30/2021,$217.66,7587846,$222.35,$222.37,$217.53
08/27/2021,$221.75,7684922,$217.47,$222.43,$216.86
08/26/2021,$216.50,8341440,$221.41,$222.90,$215.91
08/25/2021,$221.03,6528930,$221.50,$222.30,$219.10
08/24/2021,$221.43,8942578,$220.11,$223.10,$219.80
08/23/2021,$219.40,10392070,$215.83,$220.18,$215.38
08/20/2021,$212.67,9335698,$212.31,$214.7399,$210.94
08/19/2021,$212.16,11404360,$216.30,$218.2965,$211.73
08/18/2021,$219.00,9000859,$221.73,$223.65,$218.90
08/17/2021,$222.22,13123950,$226.20,$226.24,$219.80
08/16/2021,$229.06,7626887,$231.90,$232.03,$227.14
08/13/2021,$234.46,6390338,$238.01,$239.69,$234.2848
08/12/2021,$238.18,6816343,$240.00,$241.15,$236.51
08/11/2021,$239.49,9663966,$236.61,$239.59,$234.58
08/10/2021,$235.78,9603454,$231.97,$236.85,$231.62
08/09/2021,$232.27,8358622,$229.00,$233.5723,$226.89
08/06/2021,$231.33,6061935,$231.55,$233.57,$230.42
08/05/2021,$229.94,8362602,$226.68,$231.54,$226.49
08/04/2021,$226.63,9756279,$226.42,$232.35,$225.33
08/03/2021,$229.09,7326398,$225.90,$229.10,$221.30
08/02/2021,$225.34,8889125,$227.19,$230.47,$224.87
07/30/2021,$226.48,9940082,$229.39,$231.18,$225.40
07/29/2021,$231.63,8667869,$233.69,$234.8199,$231.12
07/28/2021,$231.57,19330500,$234.05,$237.49,$231.3301
07/27/2021,$222.27,8784223,$223.17,$225.70,$220.42
07/26/2021,$225.85,8933194,$220.00,$226.1209,$219.89
07/23/2021,$221.52,9379453,$222.97,$224.63,$220.94
07/22/2021,$220.87,9768898,$221.52,$222.25,$218.31
07/21/2021,$222.54,11437570,$219.50,$224.09,$218.90
07/20/2021,$217.15,17027300,$208.10,$217.3699,$206.62
07/19/2021,$206.99,24123600,$211.18,$211.55,$204.80
07/16/2021,$217.74,12413420,$223.11,$224.00,$217.0338
07/15/2021,$222.76,12228650,$222.88,$226.666,$220.80
07/14/2021,$224.45,12137000,$229.02,$230.515,$224.30
07/13/2021,$228.20,21029500,$232.27,$234.49,$228.16
07/12/2021,$238.29,9071492,$237.99,$240.77,$236.4626
07/09/2021,$239.59,12385380,$237.77,$240.38,$236.22
07/08/2021,$236.77,17964250,$227.48,$237.47,$226.16
07/07/2021,$231.78,11497000,$235.17,$238.01,$230.5201
07/06/2021,$236.14,11045800,$236.85,$237.1727,$233.47
07/02/2021,$236.68,15722450,$239.55,$240.1073,$233.47
07/01/2021,$239.73,9516185,$240.36,$241.80,$238.61
06/30/2021,$239.56,12089070,$236.24,$241.17,$236.00
06/29/2021,$235.76,16743930,$243.74,$244.37,$235.66
06/28/2021,$239.96,18151980,$244.73,$245.08,$238.88
06/25/2021,$248.38,9625783,$250.75,$252.30,$248.25
06/24/2021,$250.57,13755550,$245.20,$250.74,$243.70
06/23/2021,$243.57,9874664,$244.80,$246.87,$243.17
06/22/2021,$243.78,10042510,$244.50,$244.63,$241.08
06/21/2021,$245.28,15301780,$238.66,$245.62,$237.25
06/18/2021,$237.35,11965020,$237.79,$239.31,$235.80
06/17/2021,$239.22,10774400,$241.96,$243.50,$237.33
